escenario,n_tareas,repeticion,segundos,tareas_agendadas,agenda_valida
holgado,5,1,0.000480,5,True
holgado,5,2,0.000502,5,True
holgado,5,3,0.000286,5,True
holgado,5,4,0.000383,5,True
holgado,5,5,0.000305,5,True
holgado,5,6,0.000252,5,True
holgado,5,7,0.000308,5,True
holgado,5,8,0.000274,5,True
holgado,5,9,0.000294,5,True
holgado,5,10,0.000307,5,True
holgado,5,11,0.000259,5,True
holgado,5,12,0.000300,5,True
holgado,5,13,0.000245,5,True
holgado,5,14,0.000203,5,True
holgado,5,15,0.000324,5,True
holgado,5,16,0.000288,5,True
holgado,5,17,0.000322,5,True
holgado,5,18,0.000259,5,True
holgado,5,19,0.000264,5,True
holgado,5,20,0.000299,5,True
holgado,5,21,0.000274,5,True
holgado,5,22,0.000268,5,True
holgado,5,23,0.000234,5,True
holgado,5,24,0.000240,5,True
holgado,5,25,0.000275,5,True
holgado,5,26,0.000287,5,True
holgado,5,27,0.000347,5,True
holgado,5,28,0.000283,5,True
holgado,5,29,0.000249,5,True
holgado,5,30,0.000284,5,True
holgado,10,1,0.000762,10,True
holgado,10,2,0.000587,10,True
holgado,10,3,0.000820,10,True
holgado,10,4,0.000609,10,True
holgado,10,5,0.000636,10,True
holgado,10,6,0.000647,10,True
holgado,10,7,0.000550,10,True
holgado,10,8,0.000664,10,True
holgado,10,9,0.000660,9,True
holgado,10,10,0.000740,10,True
holgado,10,11,0.002357,10,True
holgado,10,12,0.000759,10,True
holgado,10,13,0.000715,10,True
holgado,10,14,0.000658,10,True
holgado,10,15,0.000679,10,True
holgado,10,16,0.000670,10,True
holgado,10,17,0.000702,10,True
holgado,10,18,0.000609,10,True
holgado,10,19,0.000631,10,True
holgado,10,20,0.000623,10,True
holgado,10,21,0.000734,10,True
holgado,10,22,0.000782,10,True
holgado,10,23,0.000607,10,True
holgado,10,24,0.000697,10,True
holgado,10,25,0.000636,10,True
holgado,10,26,0.000626,10,True
holgado,10,27,0.000585,10,True
holgado,10,28,0.000620,10,True
holgado,10,29,0.000631,9,True
holgado,10,30,0.000639,10,True
holgado,20,1,0.001690,19,True
holgado,20,2,0.001356,20,True
holgado,20,3,0.001345,18,True
holgado,20,4,0.001311,19,True
holgado,20,5,0.001683,14,True
holgado,20,6,0.001412,20,True
holgado,20,7,0.001423,19,True
holgado,20,8,0.001319,19,True
holgado,20,9,0.001624,19,True
holgado,20,10,0.001328,18,True
holgado,20,11,0.001500,17,True
holgado,20,12,0.001573,19,True
holgado,20,13,0.001506,18,True
holgado,20,14,0.001553,19,True
holgado,20,15,0.001583,18,True
holgado,20,16,0.001510,19,True
holgado,20,17,0.001406,17,True
holgado,20,18,0.001403,20,True
holgado,20,19,0.001388,18,True
holgado,20,20,0.001604,17,True
holgado,20,21,0.001423,20,True
holgado,20,22,0.001541,16,True
holgado,20,23,0.001395,18,True
holgado,20,24,0.001455,19,True
holgado,20,25,0.001484,17,True
holgado,20,26,0.001515,18,True
holgado,20,27,0.001540,16,True
holgado,20,28,0.001601,19,True
holgado,20,29,0.001294,19,True
holgado,20,30,0.001468,16,True
holgado,30,1,0.003188,21,True
holgado,30,2,0.002424,22,True
holgado,30,3,0.002693,21,True
holgado,30,4,0.002293,22,True
holgado,30,5,0.002374,21,True
holgado,30,6,0.002593,20,True
holgado,30,7,0.002708,23,True
holgado,30,8,0.002612,20,True
holgado,30,9,0.002609,20,True
holgado,30,10,0.002393,25,True
holgado,30,11,0.002629,19,True
holgado,30,12,0.002523,20,True
holgado,30,13,0.002496,22,True
holgado,30,14,0.002517,20,True
holgado,30,15,0.002435,23,True
holgado,30,16,0.002878,20,True
holgado,30,17,0.002803,21,True
holgado,30,18,0.002665,19,True
holgado,30,19,0.002809,21,True
holgado,30,20,0.002900,19,True
holgado,30,21,0.002501,19,True
holgado,30,22,0.002695,21,True
holgado,30,23,0.002555,20,True
holgado,30,24,0.002449,21,True
holgado,30,25,0.002491,21,True
holgado,30,26,0.002569,22,True
holgado,30,27,0.003197,18,True
holgado,30,28,0.002711,19,True
holgado,30,29,0.002781,20,True
holgado,30,30,0.002759,19,True
saturado,5,1,0.000409,3,True
saturado,5,2,0.000339,5,True
saturado,5,3,0.000286,5,True
saturado,5,4,0.000328,5,True
saturado,5,5,0.000290,5,True
saturado,5,6,0.000294,4,True
saturado,5,7,0.000310,5,True
saturado,5,8,0.000314,5,True
saturado,5,9,0.000284,5,True
saturado,5,10,0.000312,5,True
saturado,5,11,0.000279,4,True
saturado,5,12,0.000305,5,True
saturado,5,13,0.000355,3,True
saturado,5,14,0.000293,3,True
saturado,5,15,0.000320,5,True
saturado,5,16,0.000280,5,True
saturado,5,17,0.000332,5,True
saturado,5,18,0.000277,4,True
saturado,5,19,0.000305,5,True
saturado,5,20,0.000327,4,True
saturado,5,21,0.000231,5,True
saturado,5,22,0.000316,4,True
saturado,5,23,0.000291,4,True
saturado,5,24,0.000348,4,True
saturado,5,25,0.000295,5,True
saturado,5,26,0.000275,4,True
saturado,5,27,0.000307,5,True
saturado,5,28,0.000285,5,True
saturado,5,29,0.000273,5,True
saturado,5,30,0.000276,5,True
saturado,10,1,0.000863,5,True
saturado,10,2,0.000975,6,True
saturado,10,3,0.001021,7,True
saturado,10,4,0.000696,7,True
saturado,10,5,0.000834,6,True
saturado,10,6,0.000868,6,True
saturado,10,7,0.000894,5,True
saturado,10,8,0.000843,6,True
saturado,10,9,0.000676,7,True
saturado,10,10,0.000843,7,True
saturado,10,11,0.000799,6,True
saturado,10,12,0.000935,6,True
saturado,10,13,0.000907,6,True
saturado,10,14,0.000746,7,True
saturado,10,15,0.000876,6,True
saturado,10,16,0.000878,6,True
saturado,10,17,0.000873,7,True
saturado,10,18,0.000813,6,True
saturado,10,19,0.000706,7,True
saturado,10,20,0.000745,6,True
saturado,10,21,0.000914,7,True
saturado,10,22,0.000994,5,True
saturado,10,23,0.000753,8,True
saturado,10,24,0.000734,6,True
saturado,10,25,0.000787,6,True
saturado,10,26,0.000837,5,True
saturado,10,27,0.000792,6,True
saturado,10,28,0.000695,6,True
saturado,10,29,0.000763,7,True
saturado,10,30,0.000739,7,True
saturado,20,1,0.002466,7,True
saturado,20,2,0.002045,7,True
saturado,20,3,0.001813,7,True
saturado,20,4,0.003654,7,True
saturado,20,5,0.002013,8,True
saturado,20,6,0.002131,7,True
saturado,20,7,0.001910,9,True
saturado,20,8,0.001805,7,True
saturado,20,9,0.002264,7,True
saturado,20,10,0.001818,8,True
saturado,20,11,0.001877,7,True
saturado,20,12,0.002144,8,True
saturado,20,13,0.001997,7,True
saturado,20,14,0.002112,7,True
saturado,20,15,0.001975,7,True
saturado,20,16,0.001967,8,True
saturado,20,17,0.002027,7,True
saturado,20,18,0.001899,7,True
saturado,20,19,0.002014,6,True
saturado,20,20,0.002258,8,True
saturado,20,21,0.001957,7,True
saturado,20,22,0.001962,8,True
saturado,20,23,0.001981,7,True
saturado,20,24,0.002114,7,True
saturado,20,25,0.002033,7,True
saturado,20,26,0.002116,7,True
saturado,20,27,0.001946,7,True
saturado,20,28,0.002133,7,True
saturado,20,29,0.001780,7,True
saturado,20,30,0.001982,7,True
saturado,30,1,0.003884,8,True
saturado,30,2,0.003107,8,True
saturado,30,3,0.003248,8,True
saturado,30,4,0.003147,8,True
saturado,30,5,0.003085,7,True
saturado,30,6,0.003205,8,True
saturado,30,7,0.003359,8,True
saturado,30,8,0.004910,7,True
saturado,30,9,0.003227,7,True
saturado,30,10,0.003406,8,True
saturado,30,11,0.003267,8,True
saturado,30,12,0.003221,7,True
saturado,30,13,0.003265,8,True
saturado,30,14,0.003351,7,True
saturado,30,15,0.003254,8,True
saturado,30,16,0.003073,8,True
saturado,30,17,0.003057,8,True
saturado,30,18,0.003069,8,True
saturado,30,19,0.003477,8,True
saturado,30,20,0.003324,7,True
saturado,30,21,0.003263,8,True
saturado,30,22,0.003184,7,True
saturado,30,23,0.003343,7,True
saturado,30,24,0.003111,7,True
saturado,30,25,0.003125,7,True
saturado,30,26,0.003081,7,True
saturado,30,27,0.003237,8,True
saturado,30,28,0.003103,7,True
saturado,30,29,0.002859,8,True
saturado,30,30,0.002862,8,True
